{"cameraMode":{"drawMode":0,"name":"Shaded","section":"Shading Mode"},"sceneLighting":false,"audioPlay":false,"sceneViewState":{"showFog":true,"showMaterialUpdate":false,"showSkybox":false,"showFlares":true,"showImageEffects":true,"showParticleSystems":true},"in2DMode":false,"pivot":{"x":-0.041124701499938968,"y":-0.022838473320007325,"z":-4.630000114440918},"rotation":{"x":0.041670095175504687,"y":0.2615804672241211,"z":0.011305718682706356,"w":-0.9642155170440674},"size":11.074200630187989,"orthographic":false}