{"cameraMode":{"drawMode":0,"name":"Shaded","section":"Shading Mode"},"sceneLighting":false,"audioPlay":false,"sceneViewState":{"showFog":true,"showMaterialUpdate":false,"showSkybox":false,"showFlares":true,"showImageEffects":true,"showParticleSystems":true},"in2DMode":false,"pivot":{"x":-0.3818475008010864,"y":-0.17315566539764405,"z":-4.630000114440918},"rotation":{"x":-0.0392753928899765,"y":0.035377733409404758,"z":-0.001390990917570889,"w":-0.9986010193824768},"size":12.26998233795166,"orthographic":false}