{"cameraMode":{"drawMode":0,"name":"Shaded","section":"Shading Mode"},"sceneLighting":false,"audioPlay":false,"sceneViewState":{"showFog":true,"showMaterialUpdate":false,"showSkybox":false,"showFlares":true,"showImageEffects":true,"showParticleSystems":true},"in2DMode":false,"pivot":{"x":0.0002810955047607422,"y":0.039949893951416019,"z":30.015592575073243},"rotation":{"x":-0.1639789491891861,"y":0.2693847417831421,"z":-0.04660593345761299,"w":-0.9478241801261902},"size":56.697566986083987,"orthographic":false}