{"cameraMode":{"drawMode":0,"name":"Shaded","section":"Shading Mode"},"sceneLighting":false,"audioPlay":false,"sceneViewState":{"showFog":true,"showMaterialUpdate":false,"showSkybox":false,"showFlares":true,"showImageEffects":true,"showParticleSystems":true},"in2DMode":false,"pivot":{"x":0.02541351318359375,"y":0.03082561492919922,"z":-4.574407577514648},"rotation":{"x":-0.12104343622922898,"y":0.5287942290306091,"z":0.0765090361237526,"w":0.8365832567214966},"size":11.364584922790528,"orthographic":false}