{"cameraMode":{"drawMode":0,"name":"Shaded","section":"Shading Mode"},"sceneLighting":false,"audioPlay":false,"sceneViewState":{"showFog":true,"showMaterialUpdate":false,"showSkybox":false,"showFlares":true,"showImageEffects":true,"showParticleSystems":true},"in2DMode":false,"pivot":{"x":0.0,"y":-2.3329999446868898,"z":7.889999866485596},"rotation":{"x":-0.0452691875398159,"y":0.03387274220585823,"z":-0.0015353693161159754,"w":-0.9983991980552673},"size":2.000518560409546,"orthographic":false}