{"cameraMode":{"drawMode":0,"name":"Shaded","section":"Shading Mode"},"sceneLighting":false,"audioPlay":false,"sceneViewState":{"showFog":true,"showMaterialUpdate":false,"showSkybox":false,"showFlares":true,"showImageEffects":true,"showParticleSystems":true},"in2DMode":false,"pivot":{"x":0.004030346870422363,"y":-0.0685042142868042,"z":-4.630000114440918},"rotation":{"x":-0.0392753928899765,"y":0.035377733409404758,"z":-0.001390990917570889,"w":-0.9986010193824768},"size":11.715478897094727,"orthographic":false}