{"cameraMode":{"drawMode":0,"name":"Shaded","section":"Shading Mode"},"sceneLighting":false,"audioPlay":false,"sceneViewState":{"showFog":true,"showMaterialUpdate":false,"showSkybox":false,"showFlares":true,"showImageEffects":true,"showParticleSystems":true},"in2DMode":false,"pivot":{"x":-0.016685843467712404,"y":0.04481250047683716,"z":-4.630000114440918},"rotation":{"x":-0.0063094585202634338,"y":-0.012586897239089013,"z":0.00007965051918290555,"w":-0.9999008774757385},"size":10.985445976257325,"orthographic":false}