{"cameraMode":{"drawMode":0,"name":"Shaded","section":"Shading Mode"},"sceneLighting":false,"audioPlay":false,"sceneViewState":{"showFog":true,"showMaterialUpdate":false,"showSkybox":false,"showFlares":true,"showImageEffects":true,"showParticleSystems":true},"in2DMode":false,"pivot":{"x":0.0,"y":-2.3329999446868898,"z":7.889999866485596},"rotation":{"x":-0.0063094585202634338,"y":-0.012586897239089013,"z":0.00007965051918290555,"w":-0.9999008774757385},"size":2.000518560409546,"orthographic":false}