{"cameraMode":{"drawMode":0,"name":"Shaded","section":"Shading Mode"},"sceneLighting":false,"audioPlay":false,"sceneViewState":{"showFog":true,"showMaterialUpdate":false,"showSkybox":false,"showFlares":true,"showImageEffects":true,"showParticleSystems":true},"in2DMode":false,"pivot":{"x":0.023494720458984376,"y":-0.024402141571044923,"z":-4.630000114440918},"rotation":{"x":0.03267164155840874,"y":-0.02756975032389164,"z":-0.0009023113525472581,"w":-0.9990854859352112},"size":12.759696006774903,"orthographic":false}